{
  "timestamp": "2025-10-18T17:29:29.283Z",
  "node_version": "v24.10.0",
  "platform": "darwin",
  "arch": "arm64",
  "method": "wasm",
  "documents": [
    {
      "file": "complex.qmd",
      "size": 4171,
      "lines": 282,
      "parse": {
        "avgTime": 0.28925009999999995,
        "stdDev": 0.007670413945152808,
        "minTime": 0.2788749999999993,
        "maxTime": 0.30337499999999906,
        "iterations": 10
      },
      "throughput": 14420.046872931074,
      "hasErrors": true,
      "warnings": 0
    },
    {
      "file": "large.qmd",
      "size": 51048,
      "lines": 2293,
      "parse": {
        "avgTime": 3.5739250000000014,
        "stdDev": 0.09748681111719626,
        "minTime": 3.458750000000002,
        "maxTime": 3.7544579999999996,
        "iterations": 10
      },
      "throughput": 14283.455864350813,
      "hasErrors": true,
      "warnings": 0
    },
    {
      "file": "medium.qmd",
      "size": 7329,
      "lines": 330,
      "parse": {
        "avgTime": 0.5107126000000022,
        "stdDev": 0.014817828695187652,
        "minTime": 0.4975830000000059,
        "maxTime": 0.5527919999999966,
        "iterations": 10
      },
      "throughput": 14350.536877296485,
      "hasErrors": true,
      "warnings": 0
    },
    {
      "file": "small.qmd",
      "size": 1340,
      "lines": 105,
      "parse": {
        "avgTime": 0.09244990000000115,
        "stdDev": 0.013843552191903908,
        "minTime": 0.07858300000000895,
        "maxTime": 0.12624999999999886,
        "iterations": 10
      },
      "throughput": 14494.336932760158,
      "hasErrors": true,
      "warnings": 0
    }
  ]
}