{
  "timestamp": "2025-10-18T02:28:30.625Z",
  "node_version": "v24.10.0",
  "platform": "darwin",
  "arch": "arm64",
  "method": "tree-sitter-cli",
  "documents": [
    {
      "file": "complex.qmd",
      "size": 4171,
      "lines": 282,
      "parse": {
        "avgTime": 315.1469877,
        "stdDev": 19.07382914957063,
        "minTime": 302.0173340000001,
        "maxTime": 370.1538340000002,
        "iterations": 10
      },
      "throughput": 13.235093980877672,
      "hasErrors": false,
      "warnings": 1
    },
    {
      "file": "large.qmd",
      "size": 51048,
      "lines": 2293,
      "parse": {
        "avgTime": 315.35093760000007,
        "stdDev": 12.743944539468517,
        "minTime": 301.75083300000006,
        "maxTime": 343.10762499999964,
        "iterations": 10
      },
      "throughput": 161.8767979207682,
      "hasErrors": false,
      "warnings": 2
    },
    {
      "file": "medium.qmd",
      "size": 7329,
      "lines": 330,
      "parse": {
        "avgTime": 301.63880420000044,
        "stdDev": 11.632916731699776,
        "minTime": 283.40058300000055,
        "maxTime": 322.140542000001,
        "iterations": 10
      },
      "throughput": 24.297271763285917,
      "hasErrors": false,
      "warnings": 1
    },
    {
      "file": "small.qmd",
      "size": 1340,
      "lines": 105,
      "parse": {
        "avgTime": 309.70334170000007,
        "stdDev": 17.760547803326613,
        "minTime": 279.1732919999995,
        "maxTime": 343.1905000000006,
        "iterations": 10
      },
      "throughput": 4.326721154006843,
      "hasErrors": false,
      "warnings": 1
    }
  ]
}