{
  "timestamp": "2025-10-18T16:57:46.015Z",
  "node_version": "v24.10.0",
  "platform": "darwin",
  "arch": "arm64",
  "method": "tree-sitter-cli",
  "documents": [
    {
      "file": "complex.qmd",
      "size": 4171,
      "lines": 282,
      "parse": {
        "avgTime": 310.5117792,
        "stdDev": 8.360269722511196,
        "minTime": 299.45949999999993,
        "maxTime": 327.99524999999994,
        "iterations": 10
      },
      "throughput": 13.432662718129826,
      "hasErrors": true,
      "warnings": 2
    },
    {
      "file": "large.qmd",
      "size": 51048,
      "lines": 2293,
      "parse": {
        "avgTime": 331.75465399999985,
        "stdDev": 13.278206166441768,
        "minTime": 314.25829200000044,
        "maxTime": 357.65891699999975,
        "iterations": 10
      },
      "throughput": 153.87274717779852,
      "hasErrors": true,
      "warnings": 3
    },
    {
      "file": "medium.qmd",
      "size": 7329,
      "lines": 330,
      "parse": {
        "avgTime": 317.4197250000001,
        "stdDev": 11.840690104720727,
        "minTime": 303.1959160000006,
        "maxTime": 337.84454200000073,
        "iterations": 10
      },
      "throughput": 23.089302342505647,
      "hasErrors": true,
      "warnings": 2
    },
    {
      "file": "small.qmd",
      "size": 1340,
      "lines": 105,
      "parse": {
        "avgTime": 320.17440820000013,
        "stdDev": 10.56468890793732,
        "minTime": 309.37208400000054,
        "maxTime": 340.5035829999997,
        "iterations": 10
      },
      "throughput": 4.18521894842687,
      "hasErrors": false,
      "warnings": 1
    }
  ]
}